{"KNN": [53.986028889415103, 0.086411556202112147], "LDA": [46.256452758702352, 0.069040785021987031], "AB": [54.380061567605964, 0.066247735526660911], "NN": [55.641960691451573, 0.077919241926496269], "QDA": [33.075538716552209, 0.067163430293520079], "DTC": [46.30262846317784, 0.055952407127943853], "NB": [32.733364906464594, 0.069521628467337074], "RSVM": [41.198437130002368, 0.10670423161327998], "RF": [57.099928960454641, 0.038161849261643774], "LR": [58.8044044518115, 0.063280748355357852]}