{"KNN": [53.106796116504853, 0.083788892999928824], "LDA": [46.256452758702352, 0.069040785021987031], "AB": [54.380061567605964, 0.066247735526660911], "NN": [62.597442576367499, 0.068181633829159635], "QDA": [32.490883258347139, 0.075855934859353047], "DTC": [46.789959744257636, 0.058594278289997734], "NB": [32.733364906464594, 0.069521628467337074], "RSVM": [61.919014918304512, 0.06026100835425121], "RF": [55.546530902202228, 0.098296168553093796], "LR": [56.516931091641013, 0.066434313275983647]}