{"KNN": [0.08330202102661133, 1.561305046081543], "LDA": [1.3778278827667236, 0.0030760765075683594], "AB": [12.942304849624634, 0.025706052780151367], "NN": [4.713744163513184, 0.007009983062744141], "QDA": [1.136247158050537, 0.13357782363891602], "DTC": [2.2345001697540283, 0.0011830329895019531], "NB": [0.041934967041015625, 0.02914881706237793], "RSVM": [6.384079933166504, 1.1741139888763428], "RF": [0.5321340560913086, 0.010722160339355469], "LR": [1.7396600246429443, 0.003437042236328125]}