{"KNN": [0.07982993125915527, 2.449824094772339], "LDA": [1.2580840587615967, 0.0014560222625732422], "AB": [12.742931842803955, 0.02577805519104004], "NN": [4.177897930145264, 0.005086183547973633], "QDA": [0.9512491226196289, 0.0937340259552002], "DTC": [2.3242361545562744, 0.0015108585357666016], "NB": [0.039209842681884766, 0.029458045959472656], "RSVM": [6.102301836013794, 1.1681668758392334], "RF": [0.5330440998077393, 0.00998997688293457], "LR": [12.74950098991394, 0.0016489028930664062]}