{"KNN": [38.71969955616251, 0.064607754952602736], "LDA": [34.569575184119394, 0.048833588124504328], "AB": [35.802809344973902, 0.05167857675503016], "NN": [38.36877530117544, 0.06118525810913452], "QDA": [41.234697361361746, 0.066555460553647791], "DTC": [36.244695898161247, 0.056711663654669342], "NB": [38.768716773155148, 0.072182387416257932], "RSVM": [42.274057455006584, 0.060492178494835583], "RF": [39.804906599034283, 0.074888731515794546], "LR": [35.159976588791885, 0.049147901198241049]}