{"KNN": [38.963810174120859, 0.052735974912600243], "LDA": [34.569575184119394, 0.048833588124504328], "AB": [35.802809344973902, 0.05167857675503016], "NN": [35.168268058332927, 0.081549039999281231], "QDA": [41.234697361361746, 0.066555460553647791], "DTC": [37.186265424572014, 0.079885305023521466], "NB": [38.768716773155148, 0.072182387416257932], "RSVM": [40.987904209140133, 0.056797634375668676], "RF": [39.40813539482027, 0.069446986134091379], "LR": [35.010974003804321, 0.050194432694611761]}