{"KNN": [0.02363300323486328, 0.780738115310669], "LDA": [0.12055301666259766, 0.0006239414215087891], "AB": [2.334027051925659, 0.013869047164916992], "NN": [3.0572800636291504, 0.0029380321502685547], "QDA": [0.21910500526428223, 0.020706892013549805], "DTC": [0.5477240085601807, 0.0005810260772705078], "NB": [0.015712976455688477, 0.009631872177124023], "RSVM": [2.8878540992736816, 0.4080021381378174], "RF": [0.24177098274230957, 0.009121894836425781], "LR": [0.7070488929748535, 0.0009579658508300781]}