{"KNN": [0.022648096084594727, 0.8458709716796875], "LDA": [0.14063811302185059, 0.0004611015319824219], "AB": [2.302938938140869, 0.015409231185913086], "NN": [4.1671669483184814, 0.0030808448791503906], "QDA": [0.22490906715393066, 0.027301788330078125], "DTC": [0.5769479274749756, 0.0005178451538085938], "NB": [0.01300191879272461, 0.009639978408813477], "RSVM": [2.969650983810425, 0.43968987464904785], "RF": [0.2907400131225586, 0.010636091232299805], "LR": [0.645514965057373, 0.0006089210510253906]}