{"KNN": [55.824964131994257, 0.069491867357712553], "LDA": [44.711142993782879, 0.071259404460053549], "AB": [61.650406504065039, 0.083944628796726914], "NN": [57.933285509325685, 0.067154981899388233], "QDA": [52.983739837398367, 0.081423144244401668], "DTC": [54.014108082257295, 0.044311848051031513], "NB": [34.132472501195601, 0.048565470736441574], "RSVM": [40.88904830224773, 0.063353002113954948], "RF": [61.848158775705407, 0.050121601852750407], "LR": [61.454328072692491, 0.090869684018716909]}