{"KNN": [55.043280726924912, 0.046210037164054321], "LDA": [45.102104256336681, 0.060020322523922441], "AB": [61.650406504065039, 0.083944628796726914], "NN": [59.50406504065041, 0.10075856117627632], "QDA": [52.592539454806307, 0.076665982760319246], "DTC": [53.179340028694412, 0.066937738775948108], "NB": [31.83070301291248, 0.042001172728798351], "RSVM": [47.939980870396937, 0.088318461567381698], "RF": [60.867766618842658, 0.06547527740277409], "LR": [62.095169775227177, 0.051568677789682209]}