{"KNN": [0.05310702323913574, 0.5890100002288818], "LDA": [0.28577589988708496, 0.0014939308166503906], "AB": [2.4384169578552246, 0.01757192611694336], "NN": [1.6171720027923584, 0.004363059997558594], "QDA": [0.36792612075805664, 0.037153005599975586], "DTC": [0.47062206268310547, 0.0008871555328369141], "NB": [0.022207021713256836, 0.014611005783081055], "RSVM": [4.484607934951782, 0.7252910137176514], "RF": [0.1774909496307373, 0.009063005447387695], "LR": [10.517913103103638, 0.002585172653198242]}