{"KNN": [0.0751190185546875, 1.9719579219818115], "LDA": [0.4046459197998047, 0.0007100105285644531], "AB": [2.3996498584747314, 0.015974998474121094], "NN": [3.7264320850372314, 0.003564119338989258], "QDA": [0.48006486892700195, 0.04290890693664551], "DTC": [0.46715807914733887, 0.0007259845733642578], "NB": [0.02656412124633789, 0.017652034759521484], "RSVM": [3.7344260215759277, 0.7319080829620361], "RF": [0.18819713592529297, 0.018257856369018555], "LR": [4.3840508460998535, 0.0007829666137695312]}